Lob_10_B,Lob_10_U,Lob_11_B,Lob_11_U,Lob_12_B,Lob_12_U,Lob_13_B,Lob_13_U,Lob_14_B,Lob_14_U,Lob_15_B,Lob_15_U,Lob_1_B,Lob_1_U,Lob_2_B,Lob_2_U,Lob_3_B,Lob_3_U,Lob_4_B,Lob_4_U,Lob_5_B,Lob_5_U,Lob_6_B,Lob_6_U,Lob_7_B,Lob_7_U,Lob_8_B,Lob_8_U,Lob_9_B,Lob_9_U,Superkingdom,Kingdom,Phylum,Class,Order,Family,Genus
0,0,0,0,0,0,0,0,0,0,0,16.42,0,31.94,0,0,0,73.82,0,0,0,0,0,6.87,0,4.48,0,0,0,0,Archaea,unk_k,Euryarchaeota,unk_c,unk_o,unk_f,unk_g
0,0,0,11.78,0,0,0,0,0,0,0,0,0,0,0,0,0,0,0,3.23,0,0,0,0,0,0,0,0,0,0,Archaea,unk_k,Nitrososphaerota,Nitrososphaeria,Nitrosopumilales,Nitrosopumilaceae,unk_g
0,0,0,0,0,0,0,0,0,0,0,0,0,3.12,0,0,0,0,0,0,0,0,0,0,0,0,0,0,0,0,Archaea,unk_k,Nitrososphaerota,Nitrososphaeria,Nitrosopumilales,unk_f,unk_g
0,0,0,41.16,0,3.49,0,0,0,0,0,22.87,0,353.33,0,0,0,68.53,0,4.98,0,0,0,9.47,0,3.49,0,0,0,0,Archaea,unk_k,Nitrososphaerota,unk_c,unk_o,unk_f,
0,106.61,0,886.46,0,110.63,0,26.04,0,0,0,645.57,0,6260.91,0,5.62,0,1226.77,0,97.52,0,13.19,0,366.69,0,60.51,0,0,0,67.48,Archaea,unk_k,Nitrososphaerota,unk_c,unk_o,unk_f,unk_g
0,0,0,0,0,0,0,0,0,0,0,0,0,32.54,0,0,0,0,0,0,0,0,0,0,0,0,0,0,0,0,Archaea,unk_k,Thermoproteota,unk_c,unk_o,unk_f,
0,5.13,0,61.66,0,6.93,0,0,0,0,0,3.53,0,46.53,0,0,0,8.13,0,21.42,0,0,0,4.22,0,0.52,0,0,0,0,Archaea,unk_k,Thermoproteota,unk_c,unk_o,unk_f,unk_g
0,0,0,0,0,0,0,0,0,0,0,0,0,24.37,0,0,0,0,0,0,0,0,0,0,0,0,0,0,0,0,Archaea,unk_k,unk_p,unk_c,unk_o,,
0,0,0,0,0,0,0,0,0,0,0,0,0,30.25,0,0,0,6.89,0,1.91,0,0,0,0,0,0,0,0,0,0,Archaea,unk_k,unk_p,unk_c,unk_o,unk_f,
0,63.2,0,666.97,0,159.01,0,2.53,0,0,0,181.97,0,2382.75,0,0,0,342.09,0,152.52,0,7.17,0,81.87,0,17.39,0,0,0,7.38,Archaea,unk_k,unk_p,unk_c,unk_o,unk_f,unk_g
0,0,0,0,0,0,0,0,0,0,0,0,0,0,0,0,0,4.98,0,0,0,0,0,0,0,0,0,0,0,0,Bacteria,unk_k,Acidobacteriota,Terriglobia,Terriglobales,Acidobacteriaceae,unk_g
0,0,0,4.07,0,0,0,0,0,0,0,0,0,0,0,0,0,0,0,0,0,0,0,0,0,0,0,0,0,0,Bacteria,unk_k,Acidobacteriota,unk_c,unk_o,unk_f,
0,0,0,0,0,0,0,0,0,0,0,0,0,0,0,0,0,0,0,0,0,0,0,3.2,0,0,0,0,0,0,Bacteria,unk_k,Actinomycetota,Acidimicrobiia,Acidimicrobiales,Microthrixaceae,
0,0,0,0,0,0,0,0,0,0,0,0,0,0,0,5.4,0,0,0,0,0,0,0,57.86,0,34.65,0,0,0,0,Bacteria,unk_k,Actinomycetota,Acidimicrobiia,Acidimicrobiales,,
0,80.61,0,88.35,0,16.07,0,85.27,0,0,0,32.82,0,215.11,0,22.17,0,111.97,0,43.97,0,37.67,0,556.97,0,58.75,0,0,0,9.24,Bacteria,unk_k,Actinomycetota,Acidimicrobiia,Acidimicrobiales,unk_f,
0,14.72,0,156.36,0,41.45,0,100.01,0,0,0,18.52,0,756.24,0,10.22,0,321.2,0,98.49,0,54.56,0,67.76,0,50.86,0,41.25,0,8.37,Bacteria,unk_k,Actinomycetota,Acidimicrobiia,Acidimicrobiales,unk_f,unk_g
0,0,0,0,2.82,0,0,0,0,0,0,0,0,0,0,0,0,0,0,0,0,0,0,0,0,0,0,0,0,0,Bacteria,unk_k,Actinomycetota,Actinomycetes,Actinomycetales,unk_f,unk_g
0,0,0,0,0,0,0,0,0,0,0,0,0,0,2.57,0,0,0,0,0,0,0,0,0,0,0,0,0,0,0,Bacteria,unk_k,Actinomycetota,Actinomycetes,Geodermatophilales,Geodermatophilaceae,Geodermatophilus
1.71,0,13.74,0,2.08,0,3.88,0,2.88,0,0,0,0,4.99,8.93,0,1.92,0,0,2.21,4.99,0,2.5,0,1.93,0,0,0,4.91,0,Bacteria,unk_k,Actinomycetota,Actinomycetes,Micrococcales,Micrococcaceae,Kocuria
0,0,0,0,0,0,0,0,0,0,0,0,0,0,0,0,0,0,0,0,0,0,0,0,0,0,0,0,3.6,0,Bacteria,unk_k,Actinomycetota,Actinomycetes,Mycobacteriales,Corynebacteriaceae,Corynebacterium
0,0,0,0,0,0,0,0,0,0,2.96,0,0,0,0,0,0,0,0,0,0,0,0,0,0,0,0,0,0,0,Bacteria,unk_k,Actinomycetota,Actinomycetes,Mycobacteriales,Mycobacteriaceae,Mycobacterium
0,0,3.69,0,0,0,0,0,0,0,0,0,0,0,0,0,0,0,0,0,0,0,0,0,0,0,0,0,0,0,Bacteria,unk_k,Actinomycetota,Actinomycetes,Propionibacteriales,Propionibacteriaceae,Propionibacterium
0,5.02,0,40.43,0,38.28,0,0,0,7.5,0,43.33,0,302.84,0,4.18,0,47.96,0,74.04,0,35,0,206.44,0,41.37,0,8.3,0,31.21,Bacteria,unk_k,Actinomycetota,Actinomycetes,unk_o,unk_f,
0,56.46,0,152.79,0,3.46,0,127.65,0,7.06,0,39.06,0,110.6,0,27.2,0,260.04,0,27.53,0,38.65,0,93.67,0,35.62,0,0,0,0,Bacteria,unk_k,Actinomycetota,Actinomycetes,unk_o,unk_f,unk_g
0,0,0,0,0,0,0,0,0,0,0,0,0,0,2.15,0,0,0,0,0,0,0,0,0,0,0,0,0,0,0,Bacteria,unk_k,Bacillota,Bacilli,Bacillales,Staphylococcaceae,Staphylococcus
0,0,0,64.89,0,0,0,0,0,0,0,0,0,0,0,7,0,0,0,0,0,0,0,0,0,0,0,0,0,0,Bacteria,unk_k,Bacillota,Bacilli,Lactobacillales,Carnobacteriaceae,Carnobacterium
0,0,0,1.87,0,0,0,0,0,0,0,0,0,0,0,0,0,0,0,0,0,0,0,0,0,0,0,0,0,0,Bacteria,unk_k,Bacillota,Bacilli,Lactobacillales,Enterococcaceae,Enterococcus
0,0,0,0,0,0,0,0,0,0,0,0,0,0,0,0,0,0,0,0,0,0,0,0,0,2.45,0,0,0,0,Bacteria,unk_k,Bacillota,Bacilli,Lactobacillales,Enterococcaceae,Vagococcus
0,0,0,0,0,0,0,0,0,0,0,0,0,0,2.26,0,0,0,0,0,0,0,0,0,0,0,0,0,0,0,Bacteria,unk_k,Bacillota,Bacilli,Lactobacillales,Lactobacillaceae,Lactobacillus
0,0,0,0,0,0,0,0,0,0,0,0,0,0,3.67,0,0,0,0,0,0,0,0,0,0,0,0,0,0,0,Bacteria,unk_k,Bacillota,Clostridia,Thermoanaerobacterales,Thermoanaerobacteraceae,Thermoanaerobacterium
0,0,2.18,0,0,0,0,0,0,0,0,0,0,0,0,0,0,0,0,0,0,0,0,0,0,0,0,0,0,0,Bacteria,unk_k,Bacillota,Tissierellia,Tissierellales,Peptoniphilaceae,Anaerococcus
0,0,0,0,0,0,0,0,0,0,0,0,0,0,0,0,0,0,0,0,0,0,0,0,0,1.21,0,0,0,0,Bacteria,unk_k,Bacillota,unk_c,unk_o,unk_f,unk_g
0,0,0,0,0,0,0,0,0,0,0,0,0,0,0,40.44,0,0,0,0,0,0,0,0,0,0,0,0,0,0,Bacteria,unk_k,Bacteroidota,Bacteroidia,Marinilabiliales,Marinilabiliaceae,unk_g
0,0,0,0,0,0,0,0,0,0,0,0,0,0,0,0,0,0,0,0,0,0,0,3.44,0,0,0,0,0,0,Bacteria,unk_k,Bacteroidota,Bacteroidia,Marinilabiliales,,
0,0,0,0,0,0,0,10.23,0,0,0,0,0,0,0,0,0,0,0,0,0,0,0,0,0,0,0,0,0,0,Bacteria,unk_k,Bacteroidota,Chitinophagia,Chitinophagales,Chitinophagaceae,
0,0,0,0,0,0,0,0,0,0,0,0,0,35.74,0,0,0,22.45,0,0,0,0,0,14.51,0,0,0,0,0,0,Bacteria,unk_k,Bacteroidota,Chitinophagia,Chitinophagales,Chitinophagaceae,unk_g
0,0,0,0,0,0,0,0,0,0,0,0,0,0,0,3.6,0,0,0,0,0,0,0,0,0,0,0,0,0,0,Bacteria,unk_k,Bacteroidota,Cytophagia,Cytophagales,Cytophagaceae,Cytophaga
0,0,0,0,0,0,0,0,0,0,0,0,0,2.96,0,0,0,3.67,0,0,0,0,0,0,0,0,0,0,0,0,Bacteria,unk_k,Bacteroidota,Cytophagia,Cytophagales,Cytophagaceae,
0,0,0,5.6,0,0,0,0,0,0,0,0,0,0,0,0,0,0,0,0,0,0,0,0,0,0,0,0,0,0,Bacteria,unk_k,Bacteroidota,Cytophagia,Cytophagales,Cytophagaceae,unk_g
0,0,0,0,0,0,0,0,0,0,0,0,0,0,0,0,0,28.23,0,0,0,11.23,0,0,0,0,0,0,0,0,Bacteria,unk_k,Bacteroidota,Cytophagia,Cytophagales,Flammeovirgaceae,
0,0,0,0,0,0,0,0,0,10.33,0,0,0,0,0,0,0,0,0,0,0,47.98,0,0,0,1.91,0,0,0,0,Bacteria,unk_k,Bacteroidota,Cytophagia,Cytophagales,Flammeovirgaceae,unk_g
0,0,0,23.61,0,0,0,0,0,0,0,0,0,0,0,0,0,0,0,0,0,0,0,0,0,0,0,0,0,0,Bacteria,unk_k,Bacteroidota,Cytophagia,Cytophagales,Reichenbachiellaceae,Ekhidna
0,0,0,0,0,0,0,0,0,0,0,0,0,0,0,4.49,0,0,0,0,0,0,0,0,0,0,0,0,0,0,Bacteria,unk_k,Bacteroidota,Cytophagia,Cytophagales,Roseivirgaceae,
0,0,0,0,0,0,0,0,0,0,0,0,0,0,0,0,0,3.56,0,0,0,0,0,0,0,0,0,0,0,0,Bacteria,unk_k,Bacteroidota,Flavobacteriia,Flavobacteriales,Crocinitomicaceae,Brumimicrobium
0,0,0,0,0,0,0,0,0,0,0,0,0,0,0,0,0,79.97,0,0,0,0,0,0,0,0,0,0,0,0,Bacteria,unk_k,Bacteroidota,Flavobacteriia,Flavobacteriales,Crocinitomicaceae,Crocinitomix
0,0,0,0,0,3.73,0,0,0,0,0,0,0,0,0,0,0,24.19,0,0,0,3.99,0,0,0,0,0,0,0,0,Bacteria,unk_k,Bacteroidota,Flavobacteriia,Flavobacteriales,Crocinitomicaceae,
0,11.1,0,6.65,0,8.39,0,0,0,0,0,0,0,6.98,0,109.35,0,24.48,0,31.58,0,0,0,0,0,4.38,0,14.7,0,5.22,Bacteria,unk_k,Bacteroidota,Flavobacteriia,Flavobacteriales,Flavobacteriaceae,Algibacter
0,0,0,193.93,0,634.08,0,0,0,104.17,0,1636.27,0,0,0,268.34,0,1535.09,0,0,0,1138.85,0,0,0,63.59,0,0,0,0,Bacteria,unk_k,Bacteroidota,Flavobacteriia,Flavobacteriales,Flavobacteriaceae,Aquimarina
0,0,0,0,0,0,0,0,0,0,0,0,0,0,0,0,0,17.94,0,0,0,4.94,0,0,0,0,0,0,0,0,Bacteria,unk_k,Bacteroidota,Flavobacteriia,Flavobacteriales,Flavobacteriaceae,Dokdonia
0,0,0,0,0,0,0,0,0,0,0,0,0,0,0,0,0,25.41,0,0,0,0,0,0,0,0,0,0,0,0,Bacteria,unk_k,Bacteroidota,Flavobacteriia,Flavobacteriales,Flavobacteriaceae,Flaviramulus
0,0,0,0,0,7.58,0,0,0,5.21,0,0,0,0,0,8.93,0,20.64,0,0,0,0,0,0,0,0,0,0,0,0,Bacteria,unk_k,Bacteroidota,Flavobacteriia,Flavobacteriales,Flavobacteriaceae,Flavobacterium
0,0,0,0,0,25.6,0,5.42,0,0,0,0,0,0,0,247.42,0,19.7,0,0,0,27.03,0,0,0,6.18,0,3.94,0,0,Bacteria,unk_k,Bacteroidota,Flavobacteriia,Flavobacteriales,Flavobacteriaceae,Formosa
0,0,0,0,0,0,0,0,0,0,0,0,0,0,0,3.88,0,11.44,0,0,0,0,0,0,0,11.04,0,0,0,0,Bacteria,unk_k,Bacteroidota,Flavobacteriia,Flavobacteriales,Flavobacteriaceae,Kordia
0,0,0,0,0,9.46,0,0,0,5.73,0,0,0,0,0,3.01,0,23.64,0,0,0,0,0,0,0,0,0,0,0,0,Bacteria,unk_k,Bacteroidota,Flavobacteriia,Flavobacteriales,Flavobacteriaceae,Lacinutrix
0,0,0,4.66,0,3.72,0,3.58,0,0,0,0,0,6.47,0,5.58,0,36.85,0,6.62,0,0,0,0,0,4.03,0,0,0,0,Bacteria,unk_k,Bacteroidota,Flavobacteriia,Flavobacteriales,Flavobacteriaceae,Maribacter
0,0,0,3.18,0,5.48,0,0,0,0,0,0,0,44.56,0,0,0,56.36,0,0,0,0,0,12.41,0,7.17,0,0,0,0,Bacteria,unk_k,Bacteroidota,Flavobacteriia,Flavobacteriales,Flavobacteriaceae,Maritimimonas
0,52.3,0,115.15,0,62.61,0,288.69,0,16.82,0,46.46,0,242.15,0,233.8,0,353.51,0,126.43,0,484.53,0,243.68,0,113.67,0,74.84,0,42.25,Bacteria,unk_k,Bacteroidota,Flavobacteriia,Flavobacteriales,Flavobacteriaceae,
0,0,0,0,0,0,0,0,0,0,0,0,0,0,0,0,0,8.9,0,0,0,0,0,0,0,0,0,0,0,0,Bacteria,unk_k,Bacteroidota,Flavobacteriia,Flavobacteriales,Flavobacteriaceae,Patiriisocius
0,0,0,0,0,0,0,0,0,0,0,0,0,0,0,0,0,5,0,0,0,0,0,0,0,3.09,0,0,0,0,Bacteria,unk_k,Bacteroidota,Flavobacteriia,Flavobacteriales,Flavobacteriaceae,Pibocella
0,0,0,0,0,0,0,0,0,0,0,0,0,0,0,0,0,0,0,26.12,0,0,0,0,0,0,0,0,0,0,Bacteria,unk_k,Bacteroidota,Flavobacteriia,Flavobacteriales,Flavobacteriaceae,Polaribacter
0,0,0,0,0,0,0,0,0,0,0,0,0,8.6,0,0,0,0,0,0,0,0,0,0,0,0,0,0,0,0,Bacteria,unk_k,Bacteroidota,Flavobacteriia,Flavobacteriales,Flavobacteriaceae,Pseudozobellia
0,0,0,13.5,0,0,0,0,0,0,0,0,0,0,0,0,0,4.01,0,0,0,0,0,0,0,0,0,0,0,0,Bacteria,unk_k,Bacteroidota,Flavobacteriia,Flavobacteriales,Flavobacteriaceae,Psychroserpens
0,0,0,219.07,0,0,0,0,0,21.89,0,110.52,0,0,0,57.93,0,1952.24,0,8.62,0,169.76,0,0,0,2.87,0,3.11,0,0,Bacteria,unk_k,Bacteroidota,Flavobacteriia,Flavobacteriales,Flavobacteriaceae,Tenacibaculum
0,0,0,0,0,0,0,0,0,0,0,0,0,0,0,2.25,0,0,0,0,0,0,0,0,0,0,0,0,0,0,Bacteria,unk_k,Bacteroidota,Flavobacteriia,Flavobacteriales,Flavobacteriaceae,Ulvibacter
0,0,0,3.55,0,0,0,0,0,4.46,0,0,0,0,0,8.65,0,59.98,0,0,0,0,0,0,0,0,0,0,0,0,Bacteria,unk_k,Bacteroidota,Flavobacteriia,Flavobacteriales,Flavobacteriaceae,Winogradskyella
0,5.57,0,16.11,0,12.38,0,0,0,0,0,19.3,0,70.92,0,41.02,0,122.81,0,20.66,0,12.25,0,5.84,0,111.9,0,7.61,0,18.96,Bacteria,unk_k,Bacteroidota,Flavobacteriia,Flavobacteriales,Flavobacteriaceae,unk_g
0,0,0,17.49,0,15.93,0,6.77,0,0,0,18.53,0,0,0,16.53,0,34.06,0,27.52,0,25.92,0,24.6,0,53.05,0,7.77,0,0,Bacteria,unk_k,Bacteroidota,Flavobacteriia,Flavobacteriales,,
0,0,0,0,0,0,0,0,0,0,0,0,0,0,0,4.95,0,4.39,0,0,0,0,0,0,0,0,0,0,0,0,Bacteria,unk_k,Bacteroidota,Flavobacteriia,Flavobacteriales,Owenweeksiaceae,
0,0,0,0,0,0,0,0,0,0,0,0,0,0,0,6.68,0,13.16,0,0,0,0,0,0,0,0,0,0,0,11.56,Bacteria,unk_k,Bacteroidota,Flavobacteriia,Flavobacteriales,unk_f,
0,0,0,23.98,0,0,0,0,0,10.48,0,0,0,0,0,34.11,0,5.69,0,0,0,4.33,0,9.3,0,8.04,0,4.35,0,0,Bacteria,unk_k,Bacteroidota,Flavobacteriia,Flavobacteriales,unk_f,unk_g
0,0,0,0,0,0,0,0,0,4.56,0,0,0,0,0,0,0,0,0,0,0,0,0,0,0,0,0,0,0,0,Bacteria,unk_k,Bacteroidota,Flavobacteriia,unk_o,,
0,0,0,0,0,0,0,0,0,0,0,0,0,0,0,9.41,0,6.81,0,0,0,0,0,7.82,0,18.24,0,0,0,0,Bacteria,unk_k,Bacteroidota,Flavobacteriia,unk_o,unk_f,
0,0,9.03,12.63,0,0,0,0,0,0,0,0,0,15.26,0,158.11,0,3.91,0,0,0,0,0,3.22,0,0,0,0,0,0,Bacteria,unk_k,Bacteroidota,Flavobacteriia,unk_o,unk_f,unk_g
0,0,0,0,0,0,0,0,0,0,0,0,0,17.6,0,0,0,11.75,0,0,0,0,0,0,0,0,0,0,0,0,Bacteria,unk_k,Bacteroidota,Saprospiria,Saprospirales,Haliscomenobacteraceae,Portibacter
0,0,0,11.64,0,0,0,0,0,14.2,0,3.88,0,0,0,9.08,0,0,0,0,0,3.73,0,5.83,0,0,0,0,0,0,Bacteria,unk_k,Bacteroidota,Saprospiria,Saprospirales,Lewinellaceae,Lewinella
0,0,0,4.63,0,0,0,22.06,0,0,0,7.51,0,8.38,0,49.68,0,17.2,0,16.72,0,0,0,6.71,0,9.49,0,0,0,0,Bacteria,unk_k,Bacteroidota,Saprospiria,Saprospirales,Lewinellaceae,
0,0,0,0,0,0,0,0,0,0,0,0,0,0,0,5.49,0,0,0,0,0,0,0,0,0,0,0,0,0,0,Bacteria,unk_k,Bacteroidota,Saprospiria,Saprospirales,Lewinellaceae,Neolewinella
0,0,0,0,0,0,0,11.34,0,0,0,0,0,14.98,0,13.2,0,3.46,0,0,0,0,0,27.8,0,3.32,0,0,0,0,Bacteria,unk_k,Bacteroidota,Saprospiria,Saprospirales,,
0,0,0,0,0,0,0,0,0,0,0,0,0,0,0,13.45,0,5.08,0,0,0,62.08,0,0,0,2.23,0,0,0,0,Bacteria,unk_k,Bacteroidota,Saprospiria,Saprospirales,Saprospiraceae,Aureispira
0,21.79,0,13.74,0,101.32,0,252.94,0,0,0,130.34,0,580.9,0,78.25,0,409.63,0,10.83,0,40.74,0,325.79,0,90.64,0,31.16,0,41.74,Bacteria,unk_k,Bacteroidota,Saprospiria,Saprospirales,Saprospiraceae,
0,0,0,40.57,0,0,0,0,0,0,0,5.77,0,204.23,0,0,0,402.87,0,0,0,4.54,0,73.42,0,36.69,0,4.05,0,0,Bacteria,unk_k,Bacteroidota,Saprospiria,Saprospirales,Saprospiraceae,Saprospira
0,62.02,0,229.75,0,99.59,0,411.39,0,15.11,0,92.54,0,3378.6,0,250.54,0,1074.17,0,129.02,0,271.65,0,1223.3,0,180.56,0,45.6,0,181.73,Bacteria,unk_k,Bacteroidota,Saprospiria,Saprospirales,Saprospiraceae,unk_g
0,0,0,0,0,0,0,0,0,7.85,0,0,0,0,0,0,0,8.52,0,0,0,2.18,0,0,0,0,0,0,0,0,Bacteria,unk_k,Bacteroidota,Sphingobacteriia,Sphingobacteriales,,
0,0,0,4.41,0,0,0,5.23,0,0,0,0,0,5.28,0,0,0,4.57,0,0,0,0,0,0,0,7.91,0,0,0,8.24,Bacteria,unk_k,Bacteroidota,Sphingobacteriia,Sphingobacteriales,Sphingobacteriaceae,
0,0,0,0,0,0,0,0,0,0,0,0,0,0,0,11.55,0,0,0,0,0,0,0,2.61,0,0,0,0,0,0,Bacteria,unk_k,Bacteroidota,Sphingobacteriia,Sphingobacteriales,Sphingobacteriaceae,Sphingobacterium
0,0,0,0,0,0,0,0,0,0,0,0,0,0,0,0,0,8.71,0,0,0,0,0,0,0,0,0,0,0,0,Bacteria,unk_k,Bacteroidota,Sphingobacteriia,Sphingobacteriales,unk_f,
0,0,0,0,0,0,0,0,0,0,0,0,0,0,0,0,0,12.79,0,0,0,0,0,0,0,0,0,3.31,0,0,Bacteria,unk_k,Bacteroidota,Sphingobacteriia,unk_o,unk_f,
0,0,0,0,0,0,0,3.04,0,0,0,0,0,0,0,35.07,0,6.8,0,7.14,0,21.61,0,0,0,0,0,0,0,0,Bacteria,unk_k,Bacteroidota,Sphingobacteriia,unk_o,unk_f,unk_g
0,0,0,14.49,0,0,0,0,0,0,0,0,0,14.13,0,18.79,0,26.06,0,0,0,9.28,0,2.82,0,7.48,0,0,0,0,Bacteria,unk_k,Bacteroidota,unk_c,unk_o,,
0,0,0,20.29,0,10.56,0,58.09,0,13.63,0,25.34,0,245.72,0,131.31,0,340.12,0,25.29,0,13.91,0,224.77,0,82.83,0,18.26,0,29.89,Bacteria,unk_k,Bacteroidota,unk_c,unk_o,unk_f,
0,2.88,0,47.41,0,21.16,0,21.88,0,14.5,0,144.65,0,92.94,0,105.61,0,287.62,0,0,0,123.57,0,112.97,0,33.74,0,8.63,0,10.14,Bacteria,unk_k,Bacteroidota,unk_c,unk_o,unk_f,unk_g
0,0,0,0,0,0,0,0,0,0,0,3.93,0,0,0,2.75,0,0,0,0,0,2.97,0,0,0,0.36,0,0,0,0,Bacteria,unk_k,Bdellovibrionota,Bacteriovoracia,Bacteriovoracales,Bacteriovoracaceae,Bacteriovorax
0,0,0,0,0,0,0,0,0,0,0,12.3,0,0,0,0,0,0,0,0,0,0,0,0,0,0,0,0,0,0,Bacteria,unk_k,Bdellovibrionota,Bacteriovoracia,Bacteriovoracales,Bacteriovoracaceae,
0,0,0,0,0,0,0,0,0,0,0,0,0,0,0,0,0,6,0,0,0,0,0,0,0,0,0,0,0,0,Bacteria,unk_k,Bdellovibrionota,Bacteriovoracia,Bacteriovoracales,Bacteriovoracaceae,unk_g
0,0,0,0,0,0,0,0,0,0,0,0,0,0,0,0,0,0,0,0,0,4.8,0,0,0,0,0,0,0,0,Bacteria,unk_k,Bdellovibrionota,Bdellovibrionia,Bdellovibrionales,Pseudobdellovibrionaceae,
0,0,0,129.08,0,0,0,0,0,11.1,0,0,0,0,0,71.93,0,26.23,0,0,0,0,0,0,0,5.59,0,0,0,0,Bacteria,unk_k,Campylobacterota,Epsilonproteobacteria,Campylobacterales,Arcobacteraceae,Arcobacter
0,0,0,71.27,0,0,0,0,0,0,0,0,0,0,0,110.04,0,27.91,0,0,0,0,0,0,0,4.56,0,0,0,0,Bacteria,unk_k,Campylobacterota,Epsilonproteobacteria,Campylobacterales,Arcobacteraceae,
0,0,0,7.52,0,0,0,0,0,4.67,0,0,0,0,0,0,0,0,0,0,0,0,0,0,0,1.17,0,0,0,0,Bacteria,unk_k,Campylobacterota,Epsilonproteobacteria,Campylobacterales,,
0,0,0,4930.49,0,11.93,0,0,0,848.96,0,27.95,0,0,0,2667.57,0,381.77,0,3.98,0,0,0,0,0,225.24,0,25.26,0,0,Bacteria,unk_k,Campylobacterota,unk_c,unk_o,unk_f,
0,0,0,25.14,0,30.92,0,0,0,0,0,4.75,0,0,0,6.53,0,9.68,0,0,0,0,0,0,0,2.07,0,0,0,0,Bacteria,unk_k,Campylobacterota,unk_c,unk_o,unk_f,unk_g
0,0,0,0,0,0,0,0,0,0,0,0,0,6.81,0,0,0,0,0,0,0,0,0,0,0,0,0,0,0,0,Bacteria,unk_k,Candidatus Saccharibacteria,unk_c,unk_o,unk_f,
0,0,0,0,0,0,0,0,0,0,0,0,0,0,0,0,0,5.66,0,0,0,0,0,0,0,0,0,0,0,0,Bacteria,unk_k,Chloroflexota,Anaerolineae,Anaerolineales,Anaerolineaceae,
0,0,0,0,0,0,0,0,0,0,0,0,0,0,0,0,0,5.82,0,0,0,0,0,0,0,0,0,0,0,0,Bacteria,unk_k,Chloroflexota,Anaerolineae,Anaerolineales,,
0,0,0,0,0,0,0,0,0,0,0,0,0,0,0,0,0,11.36,0,0,0,0,0,0,0,0,0,0,0,0,Bacteria,unk_k,Chloroflexota,Anaerolineae,unk_o,,
0,17.16,0,77.79,0,51.75,0,239.37,0,4.94,0,87.07,0,678.19,0,26.25,0,348.89,0,48.97,0,6.7,0,366.6,0,119.35,0,3.5,0,59.93,Bacteria,unk_k,Chloroflexota,Anaerolineae,unk_o,unk_f,
0,7.04,0,68.46,0,19.18,0,56.25,0,9.94,0,0,0,137.52,0,58.69,0,53.85,0,6.45,0,0,0,0,0,65.08,0,15.71,0,0,Bacteria,unk_k,Chloroflexota,Anaerolineae,unk_o,unk_f,unk_g
0,0,0,0,0,0,0,0,0,0,0,0,0,34.41,0,0,0,45.62,0,0,0,0,0,6.1,0,0,0,0,0,0,Bacteria,unk_k,Chloroflexota,Caldilineae,Caldilineales,Caldilineaceae,
0,0,0,0,0,0,0,0,0,0,0,0,0,0,0,0,0,3.13,0,0,0,0,0,0,0,0,0,0,0,0,Bacteria,unk_k,Chloroflexota,Caldilineae,Caldilineales,Caldilineaceae,unk_g
0,0,0,0,0,0,0,0,0,0,0,0,0,43.46,0,0,0,23.47,0,0,0,0,0,14.64,0,0,0,0,0,0,Bacteria,unk_k,Chloroflexota,unk_c,unk_o,,
0,0,0,0,0,3.92,0,0,0,0,0,0,0,53.17,0,64.36,0,124.63,0,0,0,0,0,6.37,0,9.64,0,3.46,0,0,Bacteria,unk_k,Chloroflexota,unk_c,unk_o,unk_f,
0,0,0,35.47,0,0,0,0,0,0,0,0,0,103.02,0,12.45,0,3.05,0,9.11,0,0,0,25.71,0,5.6,0,0,0,0,Bacteria,unk_k,Chloroflexota,unk_c,unk_o,unk_f,unk_g
0,0,0,0,0,0,0,0,3.12,0,0,0,6.51,0,4.76,0,0,0,0,0,0,0,0,0,0,0,0,0,0,0,Bacteria,unk_k,Cyanobacteriota,Cyanophyceae,Chroococcidiopsidales,Chroococcidiopsidaceae,Chroococcidiopsis
0,0,0,0,0,0,0,0,0,0,0,0,5.41,0,0,0,0,0,0,0,0,0,0,0,0,0,0,0,0,0,Bacteria,unk_k,Cyanobacteriota,Cyanophyceae,Chroococcidiopsidales,Chroococcidiopsidaceae,
0,0,0,0,0,0,0,0,14.39,0,0,0,25.48,0,0,0,0,0,0,0,0,0,0,0,0,0,0,0,0,0,Bacteria,unk_k,Cyanobacteriota,Cyanophyceae,Pleurocapsales,unk_f,unk_g
0,0,0,0,0,0,0,0,2.7,0,0,0,0,0,0,0,0,0,0,0,0,0,0,0,0,0,0,0,0,0,Bacteria,unk_k,Cyanobacteriota,unk_c,unk_o,unk_f,unk_g
0,0,0,2.98,0,0,0,0,0,0,0,0,0,0,0,0,0,0,0,0,0,0,0,0,0,0,0,0,0,0,Bacteria,unk_k,Deferribacterota,Deferribacteres,Deferribacterales,Deferribacteraceae,
0,0,0,0,0,0,0,0,0,0,0,0,0,0,0,0,0,10.32,0,0,0,0,0,0,0,0,0,0,0,0,Bacteria,unk_k,Deinococcota,Deinococci,Trueperales,Trueperaceae,
0,0,0,0,0,0,0,0,0,0,0,0,0,9.14,0,0,0,3.05,0,0,0,0,0,3.29,0,6.06,0,0,0,0,Bacteria,unk_k,Deinococcota,Deinococci,Trueperales,Trueperaceae,unk_g
0,0,0,0,0,0,0,0,0,0,0,0,0,0,0,0,0,2.47,0,0,0,0,0,0,0,0,0,0,0,0,Bacteria,unk_k,Myxococcota,Myxococcia,Myxococcales,unk_f,
0,0,0,0,0,0,0,0,0,0,0,0,0,0,0,0,0,0,0,0,0,0,0,0,0,1.23,0,0,0,0,Bacteria,unk_k,Myxococcota,unk_c,Nannocystales,,
0,0,0,2.87,0,0,0,0,0,0,0,0,0,0,0,0,0,0,0,0,0,0,0,0,0,2.17,0,0,0,0,Bacteria,unk_k,Myxococcota,unk_c,Nannocystales,Nannocystaceae,
0,0,0,0,0,0,0,0,0,0,0,0,0,0,0,12.43,0,0,0,0,0,0,0,0,0,0,0,0,0,0,Bacteria,unk_k,Myxococcota,unk_c,Nannocystales,Nannocystaceae,Plesiocystis
0,0,0,7.8,0,5.79,0,0,0,0,0,22.49,0,12.96,0,0,0,57.59,0,0,0,0,0,3.76,0,1.79,0,0,0,0,Bacteria,unk_k,Nitrospirota,Nitrospiria,Nitrospirales,Nitrospiraceae,
0,0,0,29.12,0,5.56,0,0,0,0,0,0,0,94.55,0,0,0,0,0,0,0,0,0,0,0,0,0,0,0,0,Bacteria,unk_k,Nitrospirota,Nitrospiria,Nitrospirales,Nitrospiraceae,Nitrospira
0,0,0,0,0,0,0,0,0,0,0,0,0,10.71,0,0,0,15.66,0,0,0,0,0,0,0,0,0,0,0,0,Bacteria,unk_k,Nitrospirota,Nitrospiria,Nitrospirales,unk_f,unk_g
0,0,0,0,0,0,0,0,0,0,0,0,0,0,0,0,0,4.44,0,0,0,0,0,0,0,0,0,0,0,0,Bacteria,unk_k,Nitrospirota,unk_c,unk_o,unk_f,
0,0,0,0,0,0,0,0,0,0,0,0,0,7.78,0,0,0,0,0,0,0,0,0,0,0,0,0,0,0,0,Bacteria,unk_k,Nitrospirota,unk_c,unk_o,unk_f,unk_g
0,0,0,0,0,0,0,0,0,0,0,23.42,0,0,0,14.84,0,114.75,0,0,0,0,0,0,0,0,0,4.03,0,0,Bacteria,unk_k,Planctomycetota,Phycisphaerae,Phycisphaerales,Phycisphaeraceae,Algisphaera
0,0,0,9.4,0,0,0,0,0,0,0,0,0,0,0,0,0,0,0,0,0,0,0,0,0,0,0,0,0,0,Bacteria,unk_k,Planctomycetota,Phycisphaerae,Phycisphaerales,Phycisphaeraceae,
0,0,0,5.81,0,0,0,0,0,0,0,0,0,0,0,0,0,0,0,0,0,0,0,0,0,0,0,0,0,4.16,Bacteria,unk_k,Planctomycetota,Phycisphaerae,Phycisphaerales,unk_f,
0,0,0,0,0,12.04,0,0,0,0,0,0,0,0,0,214.85,0,247.96,0,0,0,103,0,0,0,0,0,0,0,0,Bacteria,unk_k,Planctomycetota,Phycisphaerae,Phycisphaerales,unk_f,unk_g
0,0,0,0,0,0,0,0,0,0,0,0,0,0,0,6.04,0,0,0,16.09,0,0,0,0,0,0,0,0,0,0,Bacteria,unk_k,Planctomycetota,Phycisphaerae,unk_o,unk_f,
0,0,0,0,0,0,0,0,0,0,0,0,0,5.54,0,0,0,14.75,0,0,0,8.49,0,0,0,0,0,0,0,0,Bacteria,unk_k,Planctomycetota,Planctomycetia,Pirellulales,Pirellulaceae,Mariniblastus
0,0,0,0,0,0,0,0,0,0,0,0,0,3.96,0,23.48,0,0,0,0,0,0,0,0,0,0,0,0,0,0,Bacteria,unk_k,Planctomycetota,Planctomycetia,Pirellulales,Pirellulaceae,
0,0,0,0,0,7.54,0,0,0,0,0,0,0,0,0,2.51,0,0,0,3.67,0,0,0,0,0,0,0,0,0,0,Bacteria,unk_k,Planctomycetota,Planctomycetia,Pirellulales,Pirellulaceae,Pirellula
0,0,0,0,0,0,0,0,0,0,0,0,0,4.14,0,6.83,0,19.58,0,5.01,0,0,0,3.21,0,0,0,0,0,0,Bacteria,unk_k,Planctomycetota,Planctomycetia,Pirellulales,Pirellulaceae,Rhodopirellula
0,0,0,13.62,0,10.96,0,34.9,0,3.91,0,3.73,0,32.27,0,8.18,0,43.64,0,9.76,0,25.15,0,0,0,3.54,0,0,0,0,Bacteria,unk_k,Planctomycetota,Planctomycetia,Planctomycetales,Planctomycetaceae,
0,0,0,92.79,0,16.11,0,43.18,0,3.09,0,13.86,0,223.91,0,49.08,0,334.89,0,11.98,0,7.94,0,43.12,0,22.43,0,2.96,0,6.14,Bacteria,unk_k,Planctomycetota,Planctomycetia,Planctomycetales,Planctomycetaceae,Planctomyces
0,3.06,0,27.13,0,14.37,0,23.63,0,0,0,6.72,0,163.32,0,69.9,0,325.6,0,0,0,10.08,0,31.06,0,6.81,0,0,0,0,Bacteria,unk_k,Planctomycetota,Planctomycetia,Planctomycetales,Planctomycetaceae,unk_g
0,0,0,0,0,0,0,0,0,0,0,0,0,15.79,0,0,0,48.47,0,0,0,0,0,0,0,0,0,0,0,0,Bacteria,unk_k,Planctomycetota,Planctomycetia,Planctomycetales,unk_f,
0,0,0,0,0,0,0,0,0,0,0,0,0,5.21,0,0,0,9.89,0,0,0,0,0,0,0,0,0,0,0,0,Bacteria,unk_k,Planctomycetota,Planctomycetia,Planctomycetales,unk_f,unk_g
0,0,0,0,0,0,0,0,0,0,0,0,0,0,0,0,0,0,0,0,0,0,0,0,0,5.13,0,0,0,0,Bacteria,unk_k,Planctomycetota,Planctomycetia,unk_o,unk_f,
0,0,0,0,0,0,0,0,0,0,0,0,0,0,0,31.07,0,9.7,0,0,0,0,0,0,0,0,0,0,0,0,Bacteria,unk_k,Planctomycetota,Planctomycetia,unk_o,unk_f,unk_g
0,0,0,0,0,0,0,3.73,0,5.54,0,4.13,0,17.29,0,10.67,0,0,0,0,0,0,0,0,0,1.2,0,0,0,0,Bacteria,unk_k,Planctomycetota,unk_c,unk_o,,
0,13.75,0,27.21,0,5.02,0,47.7,0,22.91,0,0,0,112.17,0,85.37,0,426.64,0,95.8,0,172.02,0,15.9,0,53.21,0,19.33,0,0,Bacteria,unk_k,Planctomycetota,unk_c,unk_o,unk_f,
0,12.84,0,236.75,0,115.29,0,131.2,0,23.21,0,49.36,0,424.39,0,358.7,0,1009.41,0,132.88,0,165.55,0,233.3,0,69.07,0,26.83,0,18.62,Bacteria,unk_k,Planctomycetota,unk_c,unk_o,unk_f,unk_g
0,0,0,0,0,0,0,0,0,0,0,0,0,0,0,0,0,3.74,0,0,0,0,0,0,0,0,0,0,0,0,Bacteria,unk_k,Pseudomonadota,Alphaproteobacteria,Hyphomicrobiales,Ahrensiaceae,Pseudahrensia
0,0,0,0,0,0,0,0,0,0,0,4.45,0,0,0,0,0,0,0,0,0,0,0,0,0,0,0,0,0,0,Bacteria,unk_k,Pseudomonadota,Alphaproteobacteria,Hyphomicrobiales,Cohaesibacteraceae,
0,0,0,0,0,0,0,0,0,0,0,0,0,0,0,0,0,0,0,0,0,13.88,0,0,0,0,0,0,0,0,Bacteria,unk_k,Pseudomonadota,Alphaproteobacteria,Hyphomicrobiales,Devosiaceae,Devosia
0,0,0,0,0,0,0,0,0,0,0,0,0,0,0,0,0,0,0,0,0,4.32,0,0,0,0,0,0,0,0,Bacteria,unk_k,Pseudomonadota,Alphaproteobacteria,Hyphomicrobiales,Devosiaceae,Maritalea
0,0,0,0,0,0,0,0,0,0,0,10.92,0,0,0,0,0,0,0,0,0,0,0,0,0,0,0,0,0,0,Bacteria,unk_k,Pseudomonadota,Alphaproteobacteria,Hyphomicrobiales,Devosiaceae,
0,0,0,0,0,0,0,0,0,0,0,0,0,6.3,0,0,0,9.03,0,0,0,0,0,0,0,0,0,0,0,0,Bacteria,unk_k,Pseudomonadota,Alphaproteobacteria,Hyphomicrobiales,Hyphomicrobiaceae,unk_g
0,0,0,0,0,0,0,0,0,0,0,3.25,0,0,0,0,0,0,0,0,0,0,0,0,0,0,0,0,0,0,Bacteria,unk_k,Pseudomonadota,Alphaproteobacteria,Hyphomicrobiales,Phyllobacteriaceae,
0,0,0,0,0,0,0,0,0,0,0,0,0,0,0,0,0,0,0,0,0,0,0,0,0,3.79,0,0,0,0,Bacteria,unk_k,Pseudomonadota,Alphaproteobacteria,Hyphomicrobiales,Rhizobiaceae,
0,0,0,0,0,0,0,0,0,0,0,0,0,0,0,0,0,3.76,0,0,0,0,0,0,0,0,0,0,0,0,Bacteria,unk_k,Pseudomonadota,Alphaproteobacteria,Rhodobacterales,Paracoccaceae,Aliiroseovarius
0,0,0,5.02,0,0,0,0,0,0,0,0,0,0,0,2.72,0,45.09,0,6.4,0,4.81,0,0,0,0,0,0,0,0,Bacteria,unk_k,Pseudomonadota,Alphaproteobacteria,Rhodobacterales,Paracoccaceae,
0,0,0,0,0,0,0,0,0,0,0,0,0,0,0,0,0,0,0,4,0,0,0,0,0,0,0,0,0,0,Bacteria,unk_k,Pseudomonadota,Alphaproteobacteria,Rhodobacterales,Paracoccaceae,unk_g
0,0,0,0,0,0,0,0,0,0,0,0,0,0,0,0,0,7.49,0,0,0,0,0,0,0,0,0,0,0,0,Bacteria,unk_k,Pseudomonadota,Alphaproteobacteria,Rhodobacterales,Roseobacteraceae,Loktanella
0,6.27,0,8.33,0,10.07,0,0,0,6.21,0,55.99,0,22.97,0,31.09,0,30.86,0,0,0,15.67,0,7.64,0,0,0,7.54,0,0,Bacteria,unk_k,Pseudomonadota,Alphaproteobacteria,Rhodobacterales,Roseobacteraceae,
0,0,0,0,0,0,0,0,0,0,0,0,0,0,0,0,0,25.13,0,0,0,0,0,0,0,0,0,0,0,0,Bacteria,unk_k,Pseudomonadota,Alphaproteobacteria,Rhodobacterales,Roseobacteraceae,Octadecabacter
0,0,0,0,0,0,0,0,0,0,0,0,0,0,0,5.37,0,0,0,0,0,0,0,0,0,0,0,0,0,0,Bacteria,unk_k,Pseudomonadota,Alphaproteobacteria,Rhodobacterales,Roseobacteraceae,Phaeobacter
0,0,0,23.71,0,0,0,18.23,0,0,0,2.73,0,0,0,103.84,0,171.28,0,4.99,0,0,0,0,0,0,0,0,0,3.54,Bacteria,unk_k,Pseudomonadota,Alphaproteobacteria,Rhodobacterales,Roseobacteraceae,Roseobacter
0,0,0,0,0,0,0,0,0,0,0,0,0,0,0,0,0,19.18,0,0,0,0,0,0,0,0,0,0,0,0,Bacteria,unk_k,Pseudomonadota,Alphaproteobacteria,Rhodobacterales,Roseobacteraceae,Sulfitobacter
0,0,0,0,0,0,0,0,0,0,0,0,0,0,0,3.79,0,27.78,0,0,0,0,0,0,0,0,0,0,0,0,Bacteria,unk_k,Pseudomonadota,Alphaproteobacteria,Rhodospirillales,Kiloniellaceae,Kiloniella
0,0,0,0,0,0,0,0,0,0,0,4.56,0,0,0,0,0,0,0,0,0,0,0,0,0,0,0,0,0,0,Bacteria,unk_k,Pseudomonadota,Alphaproteobacteria,Rhodospirillales,Kiloniellaceae,
0,0,0,0,0,0,0,0,0,0,0,0,0,0,0,0,0,2.69,0,0,0,0,0,0,0,0,0,0,0,0,Bacteria,unk_k,Pseudomonadota,Alphaproteobacteria,Rhodospirillales,Rhodospirillaceae,unk_g
0,0,0,0,0,0,0,0,0,0,0,0,0,0,0,0,0,7.66,0,0,0,0,0,0,0,0,0,0,0,0,Bacteria,unk_k,Pseudomonadota,Alphaproteobacteria,Rhodospirillales,unk_f,
0,0,0,0,0,0,0,0,0,0,0,0,0,0,0,0,0,0,0,0,0,0,0,0,0,1.97,0,0,0,0,Bacteria,unk_k,Pseudomonadota,Alphaproteobacteria,Rickettsiales,Rickettsiaceae,
0,0,0,0,0,0,0,0,0,0,0,0,0,0,0,0,0,0,0,0,0,0,0,0,0,1.42,0,0,0,0,Bacteria,unk_k,Pseudomonadota,Alphaproteobacteria,Rickettsiales,unk_f,
0,0,0,7.68,0,0,0,0,0,0,0,6.39,0,10.6,0,8.42,0,12.17,0,0,0,0,0,0,0,0,0,0,0,0,Bacteria,unk_k,Pseudomonadota,Alphaproteobacteria,unk_o,,
0,0,0,10.76,0,0,0,0,0,0,0,0,0,43.59,0,0,0,88.82,0,5.45,0,0,0,6.91,0,6.96,0,0,0,0,Bacteria,unk_k,Pseudomonadota,Alphaproteobacteria,unk_o,unk_f,
0,6.32,0,9.03,0,4.9,0,5.54,0,0,0,6.64,0,6.43,0,71.14,0,180.42,0,0,0,0,0,0,0,47.65,0,0,0,3.76,Bacteria,unk_k,Pseudomonadota,Alphaproteobacteria,unk_o,unk_f,unk_g
0,0,0,0,0,0,0,0,0,0,0,0,0,5.51,0,0,0,0,0,0,0,0,0,0,0,1.48,0,0,0,0,Bacteria,unk_k,Pseudomonadota,Betaproteobacteria,Burkholderiales,unk_f,unk_g
0,0,0,0,0,0,0,0,0,0,0,0,0,0,0,4,0,504.98,0,0,0,12,0,0,0,3.67,0,18.3,0,0,Bacteria,unk_k,Pseudomonadota,Gammaproteobacteria,Alteromonadales,Alteromonadaceae,
0,0,0,4.52,0,0,0,0,0,0,0,0,0,0,0,7.61,0,226.34,0,0,0,113.68,0,0,0,2,0,0,0,0,Bacteria,unk_k,Pseudomonadota,Gammaproteobacteria,Alteromonadales,Alteromonadaceae,unk_g
0,0,0,0,0,0,0,0,0,0,0,0,0,0,0,2.79,0,0,0,0,0,0,0,0,0,0,0,0,0,0,Bacteria,unk_k,Pseudomonadota,Gammaproteobacteria,Alteromonadales,Colwelliaceae,Colwellia
0,0,0,4.67,0,0,0,0,0,0,0,0,0,0,0,0,0,4.21,0,0,0,0,0,0,0,0,0,0,0,0,Bacteria,unk_k,Pseudomonadota,Gammaproteobacteria,Alteromonadales,Colwelliaceae,
0,0,0,0,0,0,0,0,0,0,0,0,0,0,0,0,0,42.85,0,0,0,0,0,0,0,0,0,0,0,0,Bacteria,unk_k,Pseudomonadota,Gammaproteobacteria,Alteromonadales,Colwelliaceae,Thalassomonas
0,0,0,10.88,0,0,0,0,0,0,0,0,0,0,0,8.09,0,0,0,0,0,0,0,0,0,0,0,0,0,0,Bacteria,unk_k,Pseudomonadota,Gammaproteobacteria,Alteromonadales,Pseudoalteromonadaceae,
0,0,0,42.35,0,0,0,0,0,0,0,0,0,0,0,44.72,0,0,0,0,0,0,0,0,0,2.52,0,0,0,0,Bacteria,unk_k,Pseudomonadota,Gammaproteobacteria,Alteromonadales,Pseudoalteromonadaceae,Pseudoalteromonas
0,0,0,17.99,0,0,0,0,0,0,0,0,0,0,0,5.39,0,0,0,0,0,0,0,0,0,0,0,0,0,0,Bacteria,unk_k,Pseudomonadota,Gammaproteobacteria,Alteromonadales,unk_f,
0,0,0,0,0,2.8,0,0,0,0,0,0,0,0,0,0,0,0,0,0,0,0,0,0,0,0,0,0,0,0,Bacteria,unk_k,Pseudomonadota,Gammaproteobacteria,Chromatiales,Granulosicoccaceae,Granulosicoccus
0,0,0,0,0,0,0,0,0,0,0,0,0,4.99,0,0,0,0,0,0,0,0,0,0,0,0,0,0,0,0,Bacteria,unk_k,Pseudomonadota,Gammaproteobacteria,Chromatiales,,
0,0,0,0,0,0,0,0,0,0,0,0,0,4.74,0,0,0,0,0,0,0,0,0,0,0,0,0,0,0,0,Bacteria,unk_k,Pseudomonadota,Gammaproteobacteria,Chromatiales,unk_f,
0,0,0,0,0,0,0,0,0,0,0,0,0,0,0,0,0,4.19,0,0,0,0,0,0,0,0,0,0,0,0,Bacteria,unk_k,Pseudomonadota,Gammaproteobacteria,Chromatiales,unk_f,unk_g
0,0,0,5.59,0,0,0,0,0,0,0,0,0,4.41,0,0,0,0,0,0,0,0,0,0,0,0,0,0,0,0,Bacteria,unk_k,Pseudomonadota,Gammaproteobacteria,Legionellales,Legionellaceae,
0,0,0,0,0,0,0,0,0,0,0,3.66,0,18.73,0,0,0,3.6,0,0,0,3.59,0,4.25,0,0,0,0,0,0,Bacteria,unk_k,Pseudomonadota,Gammaproteobacteria,Legionellales,,
0,0,0,0,0,0,0,0,0,0,0,0,0,0,0,6.81,0,0,0,0,0,0,0,0,0,0,0,0,0,0,Bacteria,unk_k,Pseudomonadota,Gammaproteobacteria,Moraxellales,Moraxellaceae,Acinetobacter
0,0,0,0,0,0,0,0,0,0,0,0,0,0,0,3.27,0,0,0,0,0,0,0,0,0,0,0,0,0,0,Bacteria,unk_k,Pseudomonadota,Gammaproteobacteria,Moraxellales,Moraxellaceae,
0,0,0,0,0,0,0,0,0,0,0,0,0,0,0,2.75,0,0,0,0,0,0,0,0,0,0,0,0,0,0,Bacteria,unk_k,Pseudomonadota,Gammaproteobacteria,Moraxellales,Moraxellaceae,Psychrobacter
0,0,0,0,0,0,0,0,0,0,0,6.99,0,0,0,13.52,0,32.06,0,0,0,0,0,0,0,2.8,0,0,0,0,Bacteria,unk_k,Pseudomonadota,Gammaproteobacteria,Oceanospirillales,Alcanivoracaceae,Marinicella
0,0,0,4.01,0,0,0,0,0,0,0,0,0,0,0,0,0,0,0,0,0,0,0,0,0,1.39,0,0,0,0,Bacteria,unk_k,Pseudomonadota,Gammaproteobacteria,Oceanospirillales,Alcanivoracaceae,
0,0,0,0,0,6.97,0,0,0,0,0,0,0,0,0,0,0,0,0,0,0,4.99,0,0,0,0,0,0,0,0,Bacteria,unk_k,Pseudomonadota,Gammaproteobacteria,Oceanospirillales,Oceanospirillaceae,
0,0,0,0,0,0,0,0,0,0,0,0,0,0,0,0,0,0,0,0,0,0,0,0,0,0,0,5.95,0,0,Bacteria,unk_k,Pseudomonadota,Gammaproteobacteria,Oceanospirillales,Oceanospirillaceae,Neptunomonas
0,0,0,9,0,0,0,0,0,0,0,5.43,0,0,0,7.9,0,95.61,0,0,0,0,0,0,0,0,0,0,0,0,Bacteria,unk_k,Pseudomonadota,Gammaproteobacteria,Oceanospirillales,Oceanospirillaceae,unk_g
0,0,2.88,0,3.1,0,0,0,0,0,0,0,0,0,0,0,0,0,0,0,0,0,0,0,0,0,0,0,0,0,Bacteria,unk_k,Pseudomonadota,Gammaproteobacteria,Pseudomonadales,Pseudomonadaceae,
0,0,12.8,0,0,0,0,0,0,0,0,0,0,0,0,0,0,0,0,0,0,0,0,0,0,0,0,0,0,0,Bacteria,unk_k,Pseudomonadota,Gammaproteobacteria,Pseudomonadales,Pseudomonadaceae,Pseudomonas
0,0,0,0,0,0,0,0,0,0,0,0,0,10.75,0,0,0,7.06,0,0,0,0,0,0,0,3.53,0,0,0,0,Bacteria,unk_k,Pseudomonadota,Gammaproteobacteria,Thiotrichales,Thiotrichaceae,Cocleimonas
0,0,0,0,0,0,0,0,0,0,0,0,0,0,0,0,0,11.92,0,0,0,0,0,0,0,1.18,0,0,0,0,Bacteria,unk_k,Pseudomonadota,Gammaproteobacteria,Thiotrichales,Thiotrichaceae,Leucothrix
0,0,0,0,0,0,0,0,0,0,0,0,0,0,0,6.83,0,10.35,0,0,0,0,0,0,0,0,0,0,0,0,Bacteria,unk_k,Pseudomonadota,Gammaproteobacteria,Thiotrichales,Thiotrichaceae,
0,0,0,13.74,0,0,0,0,0,0,0,0,0,0,0,11.23,0,5.32,0,0,0,0,0,0,0,0,0,0,0,0,Bacteria,unk_k,Pseudomonadota,Gammaproteobacteria,Vibrionales,Vibrionaceae,
0,0,0,0,0,0,0,0,0,0,0,0,0,0,0,0,0,65.38,0,0,0,0,0,0,0,0,0,0,0,0,Bacteria,unk_k,Pseudomonadota,Gammaproteobacteria,Vibrionales,Vibrionaceae,Photobacterium
0,0,0,23.66,0,0,0,0,0,5.42,0,0,0,0,0,35.98,0,0,0,0,0,0,0,0,0,0,0,0,0,0,Bacteria,unk_k,Pseudomonadota,Gammaproteobacteria,Vibrionales,Vibrionaceae,Vibrio
0,5.3,0,5.79,0,7.85,0,14.31,0,0,0,10.28,0,123.01,0,17.4,0,43.26,0,0,0,0,0,8.9,0,6.13,0,0,0,0,Bacteria,unk_k,Pseudomonadota,Gammaproteobacteria,unk_o,unk_f,
0,14.54,0,64.06,0,14.64,0,0,0,0,0,38.18,0,240.49,0,47.35,0,191.37,0,66.55,0,4.96,0,236.33,0,75.32,0,0,0,17.81,Bacteria,unk_k,Pseudomonadota,Gammaproteobacteria,unk_o,unk_f,unk_g
0,0,1.82,0,0,0,0,0,0,0,0,0,0,0,0,0,0,0,0,0,0,0,0,0,0,1.88,0,0,0,0,Bacteria,unk_k,Pseudomonadota,unk_c,unk_o,unk_f,unk_g
0,0,0,0,0,0,0,0,0,0,0,0,0,0,0,0,0,0,0,0,0,0,0,0,0,0.6,0,0,0,0,Bacteria,unk_k,Thermomicrobiota,Thermomicrobia,unk_o,unk_f,unk_g
0,0,0,0,0,0,0,7.22,0,0,0,5.08,0,0,0,0,0,4.7,0,0,0,0,0,0,0,0,0,0,0,0,Bacteria,unk_k,Verrucomicrobiota,Verrucomicrobiia,Verrucomicrobiales,,
0,0,0,3.87,0,0,0,36.11,0,0,0,0,0,19.67,0,15.66,0,0,0,0,0,8.98,0,7.81,0,52.08,0,12.96,0,0,Bacteria,unk_k,Verrucomicrobiota,Verrucomicrobiia,Verrucomicrobiales,Verrucomicrobiaceae,
0,0,0,0,0,0,0,0,0,0,0,0,0,0,0,2.72,0,0,0,0,0,0,0,0,0,0,0,0,0,0,Bacteria,unk_k,Verrucomicrobiota,Verrucomicrobiia,Verrucomicrobiales,Verrucomicrobiaceae,Roseibacillus
0,3.96,0,0,0,12.69,0,0,0,0,0,9.01,0,19.57,0,4.31,0,18.48,0,0,0,10.04,0,11.28,0,0,0,0,0,0,Bacteria,unk_k,Verrucomicrobiota,Verrucomicrobiia,Verrucomicrobiales,Verrucomicrobiaceae,unk_g
0,0,0,0,0,0,0,0,0,0,0,0,0,0,0,0,0,0,0,0,0,4.49,0,0,0,0,0,0,0,0,Bacteria,unk_k,Verrucomicrobiota,Verrucomicrobiia,unk_o,unk_f,
0,0,0,6.92,0,0,0,9.8,0,0,0,0,0,15.55,0,7.06,0,4.65,0,3.96,0,7.49,0,0,0,0,0,0,0,0,Bacteria,unk_k,Verrucomicrobiota,unk_c,unk_o,unk_f,
0,0,0,11.62,0,0,0,0,0,0,0,0,0,3.19,0,15.5,0,0,0,0,0,0,0,3.68,0,0,0,0,0,0,Bacteria,unk_k,Verrucomicrobiota,unk_c,unk_o,unk_f,unk_g
0,0,0,0,0,5.42,0,0,0,0,0,6.03,0,0,0,0,0,68.45,0,0,0,0,0,0,0,3.42,0,0,0,0,Bacteria,unk_k,unk_p,Deltaproteobacteria,unk_o,unk_f,
0,0,0,15.34,0,0,0,0,0,0,0,0,0,0,0,0,0,9.49,0,0,0,0,0,6.22,0,0,0,0,0,0,Bacteria,unk_k,unk_p,Deltaproteobacteria,unk_o,unk_f,unk_g
0,0,0,0,0,0,0,0,0,0,0,0,0,0,0,2.24,0,0,0,0,0,0,0,0,0,0,0,0,0,0,Bacteria,unk_k,unk_p,unk_c,unk_o,,
0,11.27,0,53.48,0,0,0,47.52,0,6.02,0,11.99,0,38.34,0,104.93,4.38,60.84,0,0,0,141.33,0,72.57,0,55.81,0,89.13,0,5.59,Bacteria,unk_k,unk_p,unk_c,unk_o,unk_f,
0,0,4.43,115.68,0,24.97,0,4.99,0,14.85,0,83.24,0,38.52,0,84.39,0,510.96,0,52.86,0,147.91,0,0,0,10.32,0,0,0,0,Bacteria,unk_k,unk_p,unk_c,unk_o,unk_f,unk_g
0,0,0,0,0,0,0,0,0,0,0,0,0,0,3.13,0,4.06,0,0,0,0,0,0,0,0,0,0,0,0,0,Eukaryota,Fungi,Ascomycota,Dothideomycetes,Cladosporiales,Cladosporiaceae,Cladosporium
0,283.27,4.09,0,944.19,0,0,0,239.21,0,0,296.49,0,0,537.2,0,0,0,0,0,0,0,862.08,0,0,725.05,0,573.85,0,0,Eukaryota,Fungi,Ascomycota,Dothideomycetes,Mycosphaerellales,Mycosphaerellaceae,
513.58,0,0,11.13,0,448.84,807.39,36.76,0,255.21,281.23,0,1122.78,91.31,0,445.17,675.84,190.78,1451.13,498.44,615.79,97.61,0,119.09,1244.02,0,1745.29,0,1414.84,305.03,Eukaryota,Fungi,Ascomycota,Dothideomycetes,Mycosphaerellales,,
0,0,21.61,0,0,0,0,0,0,0,0,0,0,0,0,0,0,0,0,0,0,0,0,0,26.16,0,0,0,0,0,Eukaryota,Fungi,Ascomycota,Eurotiomycetes,Eurotiales,Aspergillaceae,Aspergillus
0,0,0,0,0,0,0,0,0,0,0,0.45,0,0,0,0,0,0,0,0,0,0,0,0,0,0,0,0,0,0,Eukaryota,Fungi,Ascomycota,Eurotiomycetes,Verrucariales,,
0,0,0,0,0,0,0,0,3.42,0,0,0,0,0,0,0,0,0,0,0,0,0,0,0,0,0.2,0,0,0,0,Eukaryota,Fungi,Ascomycota,Leotiomycetes,Helotiales,,
0,0,0,0,0,0.37,0,0,0,0,0,0,0,0,0,0,0,0,0,0,0,0,0,0,0,0,0,0,0,0,Eukaryota,Fungi,Ascomycota,Sordariomycetes,Glomerellales,Plectosphaerellaceae,
3084.8,2444.18,4.64,59.47,5559.45,3243.57,6049.78,425.16,2258.69,2394.74,2795,2657.58,7247.45,671.18,3022.77,2849.4,4380.97,1277.66,8360.51,2720.92,5357.21,971.24,5466.24,975.3,7766.1,6045.6,8447.89,3060.17,6344.2,2029.7,Eukaryota,Fungi,Ascomycota,Sordariomycetes,Hypocreales,,
0,0,0,0,0,0,0,0,0,0,0,0,0,0,0,21.75,0,0,0,2.85,0,0,0,0,0,0,0,0,0,0,Eukaryota,Fungi,Ascomycota,Sordariomycetes,Phyllachorales,,
0,0,0,0,0,0,0,0,0,0,5.88,0,0,0,0,0,0,0,0,0,0,0,0,0,0,0,0,0,0,0,Eukaryota,Fungi,Basidiomycota,Agaricomycetes,Cantharellales,Ceratobasidiaceae,Rhizoctonia
0,0,0,0,0,0,0,0,0,0,0,0,0,0,0,0,0,0,0,0,0,0,0,0,0,0.94,0,0,0,0,Eukaryota,Fungi,Basidiomycota,Cystobasidiomycetes,unk_o,unk_f,unk_g
0,0,0,0,6.78,0,0,7.27,0,0,0,0,0,0,6.3,0,3.2,0,0,0,3.35,0,0,0,0,0,3.59,0,0,0,Eukaryota,Fungi,Basidiomycota,Malasseziomycetes,Malasseziales,Malasseziaceae,Malassezia
0,0,0,0,0,0,0,0,0,0,0,0,3.56,0,0,0,0,0,0,0,0,0,0,0,0,0,0,0,0,0,Eukaryota,Fungi,Basidiomycota,Microbotryomycetes,Sporidiobolales,Sporidiobolaceae,Rhodotorula
0,0,0,0,0,0,0,0,0,0,0,0,0,0,23.63,0,0,0,0,0,0,0,0,0,0,0,0,0,0,0,Eukaryota,Fungi,Basidiomycota,Pucciniomycetes,Pucciniales,Pucciniaceae,
0,0,0,0,3.74,0,0,0,0,0,0,0,0,0,0,0,0,0,0,0,0,0,0,0,0,0,0,0,0,0,Eukaryota,Fungi,Basidiomycota,Tremellomycetes,Filobasidiales,Filobasidiaceae,Filobasidium
0,0,0,0,0,0,0,0,0,0,0,0,0,0,0,21.94,0,0,0,0,0,0,0,0,0,0,0,0,0,0,Eukaryota,Fungi,Mucoromycota,Glomeromycetes,Glomerales,,
0,0,0,0,0,0,0,0,0,0,0,0,0,0,0,0,0,0,0,0,0,0,0,0,0,1.27,0,0,0,0,Eukaryota,Fungi,Mucoromycota,Mucoromycetes,Mucorales,,
0,0,0,6.49,0,0,0,0,0,3.15,0,0,0,0,0,10.5,0,0,0,7.03,0,0,0,0,0,2.71,0,0,0,0,Eukaryota,Fungi,unk_p,unk_c,unk_o,,
0,0,0,17.04,0,74.33,0,3.52,0,0,0,0,0,0,0,82.04,0,6.12,1.98,0,0,0,0,3.36,0,31.09,0,0,0,0,Eukaryota,Fungi,unk_p,unk_c,unk_o,unk_f,
0,0,0,0,0,4.6,0,0,0,0,0,0,0,0,0,10.75,0,0,0,0,0,0,0,0,0,0,0,0,0,0,Eukaryota,Fungi,unk_p,unk_c,unk_o,unk_f,unk_g